from,to
09274c3d69f34690c19fb165f466fc4cc20c3eed,f9ceab5ccedd3f50e4d049878d0fd4f555efaed6
046066660159f66d3759824173a627d68c84296b,90f72a69cc67e62e09e09db74f91407c6cf588ba
b5164dcf234eba6e40b28a81879dd35302ac4d01,4e65d61ff6541695e1e25f4344980b99f20ee466
5d174b5fd8c2d67c1cc4695891730cb389fd2193,b7a4867da241ae285644b6d2f343512a04393895
b9f3fb6aecf1195a65e9f1dea9d5ac2a5d61869d,dcb295a255eb3231b6f41cfd12b130d6d135cf2b
4c454b387cd45c2bc2e31a39ab866158d0540bb2,30e7f048d3aa41a00817f4273fb6158339a30f34
688714724404f4512b62a48f9a5d21e1f98a13e1,a986d0e2d0f8cf8986d2c018832910c69037a72f
a8b16df8f64f69424e9dd630d654b30f1d337675,969bef29f06b5f62b49cc00bc967cc9cdf05c4c6
29147d4f76d76da98cf9ff94fbcc7d15c48b2203,bf90f6db9fdf556a1274b658a9e5ed482b24254b
7702745c4f013cf3afeb9c7994b451658a5d3ac7,b656efa9fa7feeb89f061ace54f5829cf2efdb72
e984036e42e149bb52c8fed55214d90779878f04,8711b0bea3172e34cf3d6bef6f3ad5bd7dd54911
